,image_name,image_source,coo_1,coo_2,coo_3,coo_4
0,1__.jpg,1,0.492647,0.564091,0.33,0.0518182
1,2__.jpg,2,0.498235,0.655455,0.289412,0.0309091
2,3__.jpg,3,0.504706,0.387273,0.295294,0.0545455
