Unnamed: 0,image_name,image_source,coo_1,coo_2,coo_3,coo_4
16,Page1__.jpg,Page1,0.487605,0.903516,0.395378,0.169531
4,Page4__5.jpg,Page4,0.507806,0.791269,0.345476,0.156889
10,Page5__.jpg,Page5,0.485121,0.951722,0.342208,0.0955115
11,DeSa2__3.jpg,DeSa2,0.421084,0.451445,0.453012,0.0693642
0,Page2__.jpg,Page2,0.494163,0.301358,0.291868,0.0619835